state,year,packs_percap
AL,1950,77.9
AL,1951,75
AL,1952,81.1
AL,1953,81.8
AL,1954,78.3
AL,1955,77.3
AL,1956,81.1
AL,1957,82.3
AL,1958,84.4
AL,1959,89.2
AK,1950,NA
AK,1951,NA
AK,1952,NA
AK,1953,NA
AK,1954,NA
AK,1955,NA
AK,1956,NA
AK,1957,NA
AK,1958,NA
AK,1959,102.8
AZ,1950,117.1
AZ,1951,114.2
AZ,1952,125.6
AZ,1953,122.7
AZ,1954,112.3
AZ,1955,112
AZ,1956,107.3
AZ,1957,114.8
AZ,1958,116.2
AZ,1959,120.8
AR,1950,67.5
AR,1951,64.9
AR,1952,62
AR,1953,66.6
AR,1954,66
AR,1955,65.2
AR,1956,75.9
AR,1957,74.4
AR,1958,74.4
AR,1959,83.4
CA,1950,NA
CA,1951,NA
CA,1952,NA
CA,1953,NA
CA,1954,NA
CA,1955,NA
CA,1956,NA
CA,1957,NA
CA,1958,NA
CA,1959,NA
CO,1950,NA
CO,1951,NA
CO,1952,NA
CO,1953,NA
CO,1954,NA
CO,1955,NA
CO,1956,NA
CO,1957,NA
CO,1958,NA
CO,1959,NA
CT,1950,133.4
CT,1951,137.7
CT,1952,146.3
CT,1953,151.1
CT,1954,144.3
CT,1955,135.4
CT,1956,141.9
CT,1957,144.3
CT,1958,145.7
CT,1959,149.2
DE,1950,166
DE,1951,169.4
DE,1952,167.4
DE,1953,172.6
DE,1954,155.6
DE,1955,137.4
DE,1956,139.8
DE,1957,139.9
DE,1958,141.9
DE,1959,152.3
DC,1950,176.4
DC,1951,178.3
DC,1952,178.5
DC,1953,172.2
DC,1954,150.2
DC,1955,139.1
DC,1956,132.3
DC,1957,141.7
DC,1958,145.6
DC,1959,173.2
FL,1950,127.8
FL,1951,124.2
FL,1952,127.5
FL,1953,128.7
FL,1954,122.8
FL,1955,124.8
FL,1956,127
FL,1957,130.2
FL,1958,131.8
FL,1959,134.2
GA,1950,75.9
GA,1951,76.7
GA,1952,90.7
GA,1953,92.1
GA,1954,90.2
GA,1955,92
GA,1956,84.6
GA,1957,86.8
GA,1958,87
GA,1959,91.3
Hl,1950,NA
Hl,1951,NA
Hl,1952,NA
Hl,1953,NA
Hl,1954,NA
Hl,1955,NA
Hl,1956,NA
Hl,1957,NA
Hl,1958,NA
Hl,1959,NA
ID,1950,101.2
ID,1951,98.6
ID,1952,99
ID,1953,104.2
ID,1954,95.2
ID,1955,94.4
ID,1956,91.4
ID,1957,93.5
ID,1958,93.6
ID,1959,99.4
IL,1950,115.8
IL,1951,112.5
IL,1952,117.5
IL,1953,123.7
IL,1954,121.9
IL,1955,117.9
IL,1956,122.4
IL,1957,126.3
IL,1958,128.7
IL,1959,132.6
IN,1950,117.4
IN,1951,117.1
IN,1952,117
IN,1953,119.6
IN,1954,115.8
IN,1955,111.7
IN,1956,114.5
IN,1957,115.3
IN,1958,116.9
IN,1959,121.6
IA,1950,102.4
IA,1951,101.1
IA,1952,100.4
IA,1953,101.3
IA,1954,95.9
IA,1955,92.8
IA,1956,91.9
IA,1957,94.1
IA,1958,97.2
IA,1959,108.3
KS,1950,97.2
KS,1951,94.6
KS,1952,99.7
KS,1953,102.8
KS,1954,98
KS,1955,95.8
KS,1956,96.9
KS,1957,95.9
KS,1958,98.9
KS,1959,104.3
KY,1950,96.9
KY,1951,97.1
KY,1952,106.6
KY,1953,108.5
KY,1954,106.7
KY,1955,93.1
KY,1956,100.5
KY,1957,105.1
KY,1958,104.4
KY,1959,114.9
LA,1950,85.5
LA,1951,83.4
LA,1952,81.9
LA,1953,88.1
LA,1954,86.3
LA,1955,86.3
LA,1956,91.7
LA,1957,95.6
LA,1958,97.3
LA,1959,101.4
ME,1950,134.5
ME,1951,128.6
ME,1952,133.7
ME,1953,138
ME,1954,133.7
ME,1955,133.3
ME,1956,128.3
ME,1957,128
ME,1958,129.7
ME,1959,135.5
MD,1950,NA
MD,1951,NA
MD,1952,NA
MD,1953,NA
MD,1954,NA
MD,1955,NA
MD,1956,NA
MD,1957,NA
MD,1958,NA
MD,1959,124.2
MA,1950,109.2
MA,1951,126.4
MA,1952,121.4
MA,1953,125.2
MA,1954,118.9
MA,1955,117
MA,1956,121.2
MA,1957,124.3
MA,1958,126.6
MA,1959,128.4
Ml,1950,120.3
Ml,1951,122.2
Ml,1952,125.1
Ml,1953,130.5
Ml,1954,127.6
Ml,1955,120.5
Ml,1956,122.4
Ml,1957,123
Ml,1958,119.2
Ml,1959,122.8
MN,1950,100.4
MN,1951,97.3
MN,1952,100.3
MN,1953,100.7
MN,1954,96.9
MN,1955,94.4
MN,1956,96.2
MN,1957,97.4
MN,1958,100.9
MN,1959,107.3
MS,1950,76.4
MS,1951,78.3
MS,1952,78.8
MS,1953,76.8
MS,1954,77.1
MS,1955,73.7
MS,1956,71.7
MS,1957,73.7
MS,1958,75.7
MS,1959,80
MO,1950,NA
MO,1951,NA
MO,1952,NA
MO,1953,NA
MO,1954,NA
MO,1955,NA
MO,1956,119.6
MO,1957,117.3
MO,1958,120.4
MO,1959,129.8
MT,1950,133.5
MT,1951,117.5
MT,1952,123.6
MT,1953,129.7
MT,1954,121.1
MT,1955,118.6
MT,1956,123.9
MT,1957,119.3
MT,1958,100.6
MT,1959,113.7
NE,1950,105.2
NE,1951,103.5
NE,1952,106.5
NE,1953,108.2
NE,1954,103
NE,1955,101
NE,1956,100.6
NE,1957,99.1
NE,1958,100.5
NE,1959,107.2
NV,1950,176.4
NV,1951,176.7
NV,1952,184.1
NV,1953,202.3
NV,1954,185.3
NV,1955,184.7
NV,1956,175.4
NV,1957,165.2
NV,1958,172.4
NV,1959,188.3
NH,1950,178.4
NH,1951,188.8
NH,1952,184
NH,1953,179.1
NH,1954,167
NH,1955,162.7
NH,1956,167.9
NH,1957,166.5
NH,1958,173.6
NH,1959,193.2
NJ,1950,131.7
NJ,1951,134
NJ,1952,136.9
NJ,1953,138.6
NJ,1954,135
NJ,1955,130.7
NJ,1956,130.9
NJ,1957,126.1
NJ,1958,129.5
NJ,1959,134.8
NM,1950,93.7
NM,1951,93.9
NM,1952,91.4
NM,1953,95.2
NM,1954,94
NM,1955,92.3
NM,1956,89.4
NM,1957,86.1
NM,1958,94
NM,1959,98.6
NY,1950,140
NY,1951,136
NY,1952,138.8
NY,1953,140.1
NY,1954,133.6
NY,1955,129.7
NY,1956,132.5
NY,1957,133.6
NY,1958,138.6
NY,1959,143.1
NC,1950,NA
NC,1951,NA
NC,1952,NA
NC,1953,NA
NC,1954,NA
NC,1955,NA
NC,1956,NA
NC,1957,NA
NC,1958,NA
NC,1959,NA
ND,1950,94.9
ND,1951,82.6
ND,1952,87
ND,1953,87
ND,1954,80.1
ND,1955,79.4
ND,1956,79.5
ND,1957,81.9
ND,1958,88.1
ND,1959,94.5
OH,1950,119.6
OH,1951,125.6
OH,1952,131.5
OH,1953,134.9
OH,1954,125.9
OH,1955,117.5
OH,1956,121.7
OH,1957,124.2
OH,1958,125.1
OH,1959,126.4
OK,1950,93.5
OK,1951,89.3
OK,1952,93
OK,1953,97.2
OK,1954,96.2
OK,1955,94.4
OK,1956,97
OK,1957,96.4
OK,1958,99.5
OK,1959,106.8
OR,1950,NA
OR,1951,NA
OR,1952,NA
OR,1953,NA
OR,1954,NA
OR,1955,NA
OR,1956,NA
OR,1957,NA
OR,1958,NA
OR,1959,NA
PA,1950,109.2
PA,1951,111.7
PA,1952,111.4
PA,1953,113
PA,1954,109
PA,1955,103.8
PA,1956,105.5
PA,1957,107.8
PA,1958,111.9
PA,1959,116.8
Rl,1950,140
Rl,1951,149.6
Rl,1952,156.1
Rl,1953,160
Rl,1954,150.1
Rl,1955,142
Rl,1956,144.1
Rl,1957,142.1
Rl,1958,144.5
Rl,1959,139.1
SC,1950,93.5
SC,1951,70.9
SC,1952,87.3
SC,1953,91.1
SC,1954,83.9
SC,1955,81.3
SC,1956,81.9
SC,1957,81.2
SC,1958,84.3
SC,1959,91
SD,1950,100.5
SD,1951,95.2
SD,1952,94.5
SD,1953,96.9
SD,1954,93.7
SD,1955,91.2
SD,1956,89.5
SD,1957,88
SD,1958,94.7
SD,1959,102.4
TN,1950,85.2
TN,1951,84.4
TN,1952,78.9
TN,1953,82.1
TN,1954,81.2
TN,1955,81.5
TN,1956,82.4
TN,1957,85.3
TN,1958,86.7
TN,1959,93.8
TX,1950,123.1
TX,1951,111.8
TX,1952,114.1
TX,1953,116.2
TX,1954,109.9
TX,1955,109.3
TX,1956,101.3
TX,1957,104
TX,1958,106.7
TX,1959,110.5
UT,1950,71.6
UT,1951,72
UT,1952,72.3
UT,1953,72.3
UT,1954,66.4
UT,1955,61.9
UT,1956,62.5
UT,1957,62.8
UT,1958,63
UT,1959,66.7
VT,1950,131.1
VT,1951,123.7
VT,1952,131.5
VT,1953,134.1
VT,1954,126
VT,1955,122.2
VT,1956,125.2
VT,1957,129.3
VT,1958,124.9
VT,1959,136.8
VA,1950,NA
VA,1951,NA
VA,1952,NA
VA,1953,NA
VA,1954,NA
VA,1955,NA
VA,1956,NA
VA,1957,NA
VA,1958,NA
VA,1959,NA
WA,1950,93.3
WA,1951,110.9
WA,1952,113.3
WA,1953,115.1
WA,1954,110.9
WA,1955,106.9
WA,1956,104.5
WA,1957,102.5
WA,1958,101.9
WA,1959,105.9
WV,1950,118
WV,1951,127.1
WV,1952,99.3
WV,1953,96.3
WV,1954,90.9
WV,1955,80.8
WV,1956,92.6
WV,1957,95
WV,1958,99
WV,1959,101.7
Wl,1950,106.8
Wl,1951,103.5
Wl,1952,106.3
Wl,1953,107.8
Wl,1954,103.6
Wl,1955,101.1
Wl,1956,99.8
Wl,1957,103
Wl,1958,101.1
Wl,1959,107.8
WY,1950,NA
WY,1951,NA
WY,1952,141.6
WY,1953,143.6
WY,1954,139.3
WY,1955,133.8
WY,1956,128.3
WY,1957,123.7
WY,1958,121.1
WY,1959,129.8
AL,1960,87.2
AL,1961,92.3
AL,1962,92.7
AL,1963,93.9
AL,1964,95.4
AL,1965,98.5
AL,1966,96.4
AL,1967,95.5
AL,1968,88.4
AL,1969,90.1
AK,1960,111.8
AK,1961,132.7
AK,1962,111.7
AK,1963,106.9
AK,1964,106.9
AK,1965,104.2
AK,1966,128.4
AK,1967,112.5
AK,1968,117.2
AK,1969,121.2
AZ,1960,127.7
AZ,1961,129.8
AZ,1962,130.1
AZ,1963,125
AZ,1964,121
AZ,1965,123.2
AZ,1966,113.9
AZ,1967,117.1
AZ,1968,115.6
AZ,1969,113.8
AR,1960,89.2
AR,1961,94.1
AR,1962,99.2
AR,1963,103.4
AR,1964,102.6
AR,1965,100.3
AR,1966,98.9
AR,1967,102.9
AR,1968,104
AR,1969,102.9
CA,1960,142
CA,1961,142.4
CA,1962,141.5
CA,1963,142
CA,1964,138.3
CA,1965,140
CA,1966,136.8
CA,1967,135.8
CA,1968,124.3
CA,1969,123.9
CO,1960,NA
CO,1961,NA
CO,1962,NA
CO,1963,NA
CO,1964,NA
CO,1965,131.5
CO,1966,123.2
CO,1967,123.5
CO,1968,126.4
CO,1969,124.6
CT,1960,153.7
CT,1961,160.1
CT,1962,152.3
CT,1963,156.2
CT,1964,143.5
CT,1965,147
CT,1966,144.5
CT,1967,145.6
CT,1968,143.2
CT,1969,144.7
DE,1960,159.9
DE,1961,172.2
DE,1962,175.8
DE,1963,165.8
DE,1964,170.9
DE,1965,170.8
DE,1966,161.3
DE,1967,158.2
DE,1968,164.8
DE,1969,175.5
DC,1960,186.7
DC,1961,215.1
DC,1962,236.3
DC,1963,246.4
DC,1964,235.3
DC,1965,246.5
DC,1966,295.9
DC,1967,249.8
DC,1968,224.3
DC,1969,212.2
FL,1960,138.9
FL,1961,141.1
FL,1962,140.3
FL,1963,137.5
FL,1964,125.5
FL,1965,131.1
FL,1966,131.3
FL,1967,132.8
FL,1968,129.3
FL,1969,121.2
GA,1960,101.2
GA,1961,107.5
GA,1962,106.2
GA,1963,108.3
GA,1964,107.6
GA,1965,103.8
GA,1966,104.8
GA,1967,106.7
GA,1968,105
GA,1969,108.6
Hl,1960,71.3
Hl,1961,78.6
Hl,1962,80.1
Hl,1963,76.7
Hl,1964,76.1
Hl,1965,83.4
Hl,1966,57.2
Hl,1967,72.7
Hl,1968,75.7
Hl,1969,77.8
ID,1960,100.2
ID,1961,102.3
ID,1962,99.1
ID,1963,97
ID,1964,90.1
ID,1965,95.2
ID,1966,94.5
ID,1967,98.3
ID,1968,99.1
ID,1969,100.6
IL,1960,134.6
IL,1961,138.1
IL,1962,140.6
IL,1963,145.5
IL,1964,144.5
IL,1965,145.5
IL,1966,144.2
IL,1967,141.8
IL,1968,132.6
IL,1969,130.4
IN,1960,128.8
IN,1961,131.7
IN,1962,134.3
IN,1963,138.5
IN,1964,134.3
IN,1965,135.3
IN,1966,132.1
IN,1967,134.8
IN,1968,134.3
IN,1969,132.9
IA,1960,107.6
IA,1961,111.3
IA,1962,113.3
IA,1963,114.9
IA,1964,109.7
IA,1965,116
IA,1966,108.2
IA,1967,113.7
IA,1968,109.2
IA,1969,107.9
KS,1960,106.7
KS,1961,110.1
KS,1962,113.9
KS,1963,115.8
KS,1964,111.2
KS,1965,107.8
KS,1966,101.7
KS,1967,101.2
KS,1968,100.1
KS,1969,102.6
KY,1960,113.6
KY,1961,121.2
KY,1962,121.4
KY,1963,126.3
KY,1964,127
KY,1965,128.7
KY,1966,134
KY,1967,139.3
KY,1968,142.8
KY,1969,146.3
LA,1960,108.3
LA,1961,109.5
LA,1962,109.7
LA,1963,114
LA,1964,114
LA,1965,117.5
LA,1966,119.7
LA,1967,120
LA,1968,117.3
LA,1969,115.9
ME,1960,141.8
ME,1961,145.9
ME,1962,139.3
ME,1963,138.4
ME,1964,137.4
ME,1965,139.1
ME,1966,135.1
ME,1967,136
ME,1968,135.6
ME,1969,135.2
MD,1960,125.6
MD,1961,122.9
MD,1962,120
MD,1963,122.7
MD,1964,122.2
MD,1965,121
MD,1966,121
MD,1967,121.7
MD,1968,121.7
MD,1969,122.3
MA,1960,131.1
MA,1961,136
MA,1962,138.2
MA,1963,142.2
MA,1964,138.7
MA,1965,136.5
MA,1966,131.6
MA,1967,130.2
MA,1968,128
MA,1969,129.7
Ml,1960,125.6
Ml,1961,127.1
Ml,1962,128.2
Ml,1963,126.7
Ml,1964,125
Ml,1965,131.8
Ml,1966,134.5
Ml,1967,134.4
Ml,1968,134.2
Ml,1969,133.4
MN,1960,106.6
MN,1961,115.6
MN,1962,104.7
MN,1963,112.6
MN,1964,104.7
MN,1965,109.2
MN,1966,110.7
MN,1967,114.4
MN,1968,113.7
MN,1969,112.3
MS,1960,84
MS,1961,86.6
MS,1962,89.6
MS,1963,83.9
MS,1964,86.1
MS,1965,83.5
MS,1966,86.9
MS,1967,88.1
MS,1968,89
MS,1969,91
MO,1960,134
MO,1961,138.3
MO,1962,129.3
MO,1963,133.2
MO,1964,130
MO,1965,130.2
MO,1966,139.3
MO,1967,138.3
MO,1968,137.3
MO,1969,137.2
MT,1960,115.7
MT,1961,119.1
MT,1962,119.8
MT,1963,118.9
MT,1964,112.8
MT,1965,118
MT,1966,114.9
MT,1967,118
MT,1968,116.1
MT,1969,117.4
NE,1960,111.9
NE,1961,119.4
NE,1962,119.4
NE,1963,118.5
NE,1964,106.3
NE,1965,110.5
NE,1966,106.1
NE,1967,110
NE,1968,109.5
NE,1969,108.4
NV,1960,199.3
NV,1961,207.9
NV,1962,208.8
NV,1963,212.7
NV,1964,206.3
NV,1965,192.7
NV,1966,184
NV,1967,175.8
NV,1968,189.7
NV,1969,198.6
NH,1960,190.2
NH,1961,210.2
NH,1962,219.2
NH,1963,221.4
NH,1964,223.9
NH,1965,233.8
NH,1966,287.6
NH,1967,297.9
NH,1968,264
NH,1969,248.5
NJ,1960,141.1
NJ,1961,142.7
NJ,1962,139.9
NJ,1963,141.4
NJ,1964,135.6
NJ,1965,138
NJ,1966,144.9
NJ,1967,131.1
NJ,1968,130.2
NJ,1969,121.2
NM,1960,105
NM,1961,105
NM,1962,94.9
NM,1963,92.5
NM,1964,89.9
NM,1965,96.3
NM,1966,96.5
NM,1967,95.5
NM,1968,99.9
NM,1969,87
NY,1960,145
NY,1961,147.6
NY,1962,149.7
NY,1963,146.9
NY,1964,141.2
NY,1965,138.5
NY,1966,122.4
NY,1967,123.2
NY,1968,124.9
NY,1969,122.4
NC,1960,NA
NC,1961,NA
NC,1962,NA
NC,1963,NA
NC,1964,NA
NC,1965,NA
NC,1966,NA
NC,1967,NA
NC,1968,NA
NC,1969,NA
ND,1960,97.6
ND,1961,99.7
ND,1962,100.2
ND,1963,103.3
ND,1964,102
ND,1965,103.2
ND,1966,99.5
ND,1967,96.3
ND,1968,97
ND,1969,96.9
OH,1960,127.1
OH,1961,129.6
OH,1962,131.9
OH,1963,130.4
OH,1964,129.4
OH,1965,134.8
OH,1966,135.5
OH,1967,136.4
OH,1968,129.8
OH,1969,128.8
OK,1960,112.9
OK,1961,118.9
OK,1962,112.4
OK,1963,113.4
OK,1964,111.5
OK,1965,115.6
OK,1966,115.9
OK,1967,117.9
OK,1968,113
OK,1969,108.7
OR,1960,NA
OR,1961,NA
OR,1962,NA
OR,1963,NA
OR,1964,NA
OR,1965,NA
OR,1966,NA
OR,1967,165.1
OR,1968,162
OR,1969,160.1
PA,1960,119.2
PA,1961,120.6
PA,1962,123.5
PA,1963,128.3
PA,1964,117.4
PA,1965,120.4
PA,1966,122.9
PA,1967,125.5
PA,1968,117.1
PA,1969,114.7
Rl,1960,143.3
Rl,1961,143.7
Rl,1962,145.3
Rl,1963,144.6
Rl,1964,140.3
Rl,1965,133.2
Rl,1966,140.2
Rl,1967,144.5
Rl,1968,142.9
Rl,1969,117.8
SC,1960,86.7
SC,1961,88.7
SC,1962,89.9
SC,1963,88.2
SC,1964,89.7
SC,1965,90.1
SC,1966,93.4
SC,1967,95.1
SC,1968,95.7
SC,1969,104.2
SD,1960,101
SD,1961,107.5
SD,1962,110.8
SD,1963,106
SD,1964,99.4
SD,1965,98.7
SD,1966,98.8
SD,1967,99.6
SD,1968,100.4
SD,1969,102.5
TN,1960,98.7
TN,1961,104.8
TN,1962,108.3
TN,1963,110.3
TN,1964,105.5
TN,1965,108.1
TN,1966,109.9
TN,1967,111.5
TN,1968,109.2
TN,1969,107.3
TX,1960,105.3
TX,1961,112.6
TX,1962,114.6
TX,1963,113.4
TX,1964,110.7
TX,1965,120.5
TX,1966,106.1
TX,1967,109
TX,1968,108.4
TX,1969,111.3
UT,1960,69
UT,1961,71.2
UT,1962,71.3
UT,1963,72
UT,1964,62.3
UT,1965,65
UT,1966,65.7
UT,1967,64.3
UT,1968,64.3
UT,1969,65.6
VT,1960,122.8
VT,1961,129.5
VT,1962,130.4
VT,1963,133.5
VT,1964,129.1
VT,1965,122.9
VT,1966,130.4
VT,1967,127.4
VT,1968,128.8
VT,1969,134.6
VA,1960,NA
VA,1961,120
VA,1962,124.1
VA,1963,122.8
VA,1964,118.5
VA,1965,123.3
VA,1966,120.2
VA,1967,120.9
VA,1968,122.8
VA,1969,123.9
WA,1960,103.4
WA,1961,103.8
WA,1962,101.7
WA,1963,99.1
WA,1964,95.4
WA,1965,98.3
WA,1966,86.9
WA,1967,99.7
WA,1968,101.5
WA,1969,100.2
WV,1960,106
WV,1961,107.4
WV,1962,109.3
WV,1963,111.8
WV,1964,109
WV,1965,110.5
WV,1966,111.2
WV,1967,113.6
WV,1968,119.8
WV,1969,112.1
Wl,1960,112.8
Wl,1961,115.5
Wl,1962,110.8
Wl,1963,110.4
Wl,1964,106.2
Wl,1965,109.4
Wl,1966,106.3
Wl,1967,108.3
Wl,1968,111.4
Wl,1969,111.5
WY,1960,129.5
WY,1961,140.6
WY,1962,137.9
WY,1963,125.6
WY,1964,134
WY,1965,137.6
WY,1966,133.3
WY,1967,137.4
WY,1968,136.5
WY,1969,135.7
AL,1970,89.8
AL,1971,95.4
AL,1972,101.1
AL,1973,102.9
AL,1974,108.2
AL,1975,111.7
AL,1976,116.2
AL,1977,117.1
AL,1978,123
AL,1979,121.4
AK,1970,121.3
AK,1971,123
AK,1972,130
AK,1973,125.8
AK,1974,130.4
AK,1975,150.4
AK,1976,164.8
AK,1977,159.3
AK,1978,143.6
AK,1979,138.1
AZ,1970,115.2
AZ,1971,109.6
AZ,1972,125
AZ,1973,128.3
AZ,1974,133.1
AZ,1975,121.8
AZ,1976,122.3
AZ,1977,121.7
AZ,1978,124.7
AZ,1979,124.6
AR,1970,100.3
AR,1971,104.1
AR,1972,103.9
AR,1973,108
AR,1974,109.7
AR,1975,114.8
AR,1976,119.1
AR,1977,122.6
AR,1978,127.3
AR,1979,126.5
CA,1970,123
CA,1971,121
CA,1972,123.5
CA,1973,124.4
CA,1974,126.7
CA,1975,127.1
CA,1976,128
CA,1977,126.4
CA,1978,126.1
CA,1979,121.9
CO,1970,124.8
CO,1971,125.5
CO,1972,134.3
CO,1973,137.9
CO,1974,132.8
CO,1975,131
CO,1976,134.2
CO,1977,132
CO,1978,129.2
CO,1979,131.5
CT,1970,120
CT,1971,117.6
CT,1972,110.8
CT,1973,109.3
CT,1974,112.4
CT,1975,110.2
CT,1976,113.4
CT,1977,117.3
CT,1978,117.5
CT,1979,117.4
DE,1970,155
DE,1971,161.1
DE,1972,156.3
DE,1973,154.7
DE,1974,151.3
DE,1975,147.6
DE,1976,153
DE,1977,153.3
DE,1978,155.5
DE,1979,150.2
DC,1970,200.4
DC,1971,213
DC,1972,220.6
DC,1973,209.4
DC,1974,182.7
DC,1975,176.5
DC,1976,167.7
DC,1977,136.7
DC,1978,130.3
DC,1979,128.5
FL,1970,123.6
FL,1971,123
FL,1972,126
FL,1973,132.6
FL,1974,136
FL,1975,131.9
FL,1976,130.3
FL,1977,133.1
FL,1978,133.4
FL,1979,135.4
GA,1970,109.9
GA,1971,115.7
GA,1972,117
GA,1973,119.8
GA,1974,123.7
GA,1975,122.9
GA,1976,125.9
GA,1977,127.9
GA,1978,130.6
GA,1979,131
Hl,1970,82.1
Hl,1971,85
Hl,1972,81.6
Hl,1973,79.2
Hl,1974,89.3
Hl,1975,92.4
Hl,1976,99.4
Hl,1977,95.1
Hl,1978,93.2
Hl,1979,88.8
ID,1970,102.4
ID,1971,108.5
ID,1972,126.1
ID,1973,121.8
ID,1974,125.6
ID,1975,123.3
ID,1976,125.1
ID,1977,125
ID,1978,122.8
ID,1979,117.5
IL,1970,124.8
IL,1971,125.6
IL,1972,126.6
IL,1973,124.4
IL,1974,131.9
IL,1975,131.8
IL,1976,134.4
IL,1977,134
IL,1978,136.7
IL,1979,135.3
IN,1970,134.6
IN,1971,139.3
IN,1972,149.2
IN,1973,156
IN,1974,159.6
IN,1975,162.4
IN,1976,166.6
IN,1977,173
IN,1978,150.9
IN,1979,148.9
IA,1970,108.5
IA,1971,108.4
IA,1972,109.4
IA,1973,110.6
IA,1974,116.1
IA,1975,120.5
IA,1976,124.4
IA,1977,125.5
IA,1978,127.1
IA,1979,124.2
KS,1970,114
KS,1971,102.8
KS,1972,111
KS,1973,115.2
KS,1974,118.6
KS,1975,123.4
KS,1976,127.7
KS,1977,127.9
KS,1978,127.1
KS,1979,126.4
KY,1970,155.8
KY,1971,163.5
KY,1972,179.4
KY,1973,201.9
KY,1974,212.4
KY,1975,223
KY,1976,230.9
KY,1977,229.4
KY,1978,224.7
KY,1979,214.9
LA,1970,115.9
LA,1971,119.8
LA,1972,125.3
LA,1973,126.7
LA,1974,129.9
LA,1975,133.6
LA,1976,139.6
LA,1977,140
LA,1978,142.7
LA,1979,140.1
ME,1970,128.5
ME,1971,133.2
ME,1972,136.5
ME,1973,138
ME,1974,142.1
ME,1975,140.7
ME,1976,144.9
ME,1977,145.6
ME,1978,143.9
ME,1979,138.5
MD,1970,123.5
MD,1971,126.7
MD,1972,133.2
MD,1973,137.3
MD,1974,144.8
MD,1975,146.1
MD,1976,137.1
MD,1977,135.7
MD,1978,134.1
MD,1979,131.9
MA,1970,124.3
MA,1971,121.4
MA,1972,117.9
MA,1973,121.2
MA,1974,124.3
MA,1975,126.1
MA,1976,116.9
MA,1977,118.9
MA,1978,120.5
MA,1979,118.2
Ml,1970,128.6
Ml,1971,126.1
Ml,1972,131.4
Ml,1973,133.7
Ml,1974,138.8
Ml,1975,136.8
Ml,1976,138
Ml,1977,140.3
Ml,1978,141.8
Ml,1979,140.9
MN,1970,104.3
MN,1971,116.4
MN,1972,96.8
MN,1973,106.8
MN,1974,110.6
MN,1975,111.5
MN,1976,116.7
MN,1977,117.2
MN,1978,118.9
MN,1979,118.3
MS,1970,93.4
MS,1971,105.4
MS,1972,112.1
MS,1973,115
MS,1974,117.1
MS,1975,116.8
MS,1976,120.9
MS,1977,122.1
MS,1978,124.9
MS,1979,123.9
MO,1970,121.3
MO,1971,127.6
MO,1972,130
MO,1973,132.1
MO,1974,135.4
MO,1975,135.6
MO,1976,139.5
MO,1977,140.8
MO,1978,141.8
MO,1979,140.2
MT,1970,111.2
MT,1971,115.6
MT,1972,122.2
MT,1973,119.9
MT,1974,121.9
MT,1975,123.7
MT,1976,124.9
MT,1977,127
MT,1978,127.2
MT,1979,120.3
NE,1970,108.1
NE,1971,108.6
NE,1972,104.9
NE,1973,106.6
NE,1974,110.5
NE,1975,114.1
NE,1976,118.1
NE,1977,117.7
NE,1978,117.4
NE,1979,116.1
NV,1970,189.5
NV,1971,190.5
NV,1972,198.6
NV,1973,201.5
NV,1974,204.7
NV,1975,205.2
NV,1976,201.4
NV,1977,190.8
NV,1978,187
NV,1979,183.3
NH,1970,265.7
NH,1971,278
NH,1972,296.2
NH,1973,279
NH,1974,269.8
NH,1975,269.1
NH,1976,290.5
NH,1977,278.8
NH,1978,269.6
NH,1979,254.6
NJ,1970,120.7
NJ,1971,125.1
NJ,1972,128.4
NJ,1973,120.2
NJ,1974,121.4
NJ,1975,122.3
NJ,1976,122.4
NJ,1977,122.8
NJ,1978,123.9
NJ,1979,123.8
NM,1970,90
NM,1971,92.6
NM,1972,99.3
NM,1973,98.9
NM,1974,100.3
NM,1975,103.1
NM,1976,102.4
NM,1977,102.4
NM,1978,103.1
NM,1979,101
NY,1970,119
NY,1971,123.3
NY,1972,119.9
NY,1973,118.7
NY,1974,121.6
NY,1975,123.9
NY,1976,124.6
NY,1977,125.5
NY,1978,126.4
NY,1979,124.4
NC,1970,172.4
NC,1971,187.6
NC,1972,214.1
NC,1973,226.5
NC,1974,227.3
NC,1975,226
NC,1976,230.2
NC,1977,217
NC,1978,205.5
NC,1979,197.3
ND,1970,93.8
ND,1971,98.5
ND,1972,103.8
ND,1973,108.7
ND,1974,110.5
ND,1975,117.9
ND,1976,125.4
ND,1977,122.2
ND,1978,121.9
ND,1979,121.3
OH,1970,121.6
OH,1971,124.6
OH,1972,124.4
OH,1973,120.5
OH,1974,122.1
OH,1975,122.5
OH,1976,124.6
OH,1977,127.3
OH,1978,131.3
OH,1979,130.9
OK,1970,108.4
OK,1971,115.4
OK,1972,121.7
OK,1973,124.1
OK,1974,130.5
OK,1975,132.9
OK,1976,138.6
OK,1977,140.4
OK,1978,143.6
OK,1979,141.6
OR,1970,157
OR,1971,157.9
OR,1972,160.4
OR,1973,155.3
OR,1974,155.8
OR,1975,154.4
OR,1976,156.5
OR,1977,155.6
OR,1978,156.3
OR,1979,150.7
PA,1970,107.3
PA,1971,106.3
PA,1972,109
PA,1973,110.7
PA,1974,114.2
PA,1975,114.6
PA,1976,118.8
PA,1977,120.1
PA,1978,122.3
PA,1979,122.6
Rl,1970,123.9
Rl,1971,123.2
Rl,1972,134.4
Rl,1973,142
Rl,1974,146.1
Rl,1975,154.7
Rl,1976,150.2
Rl,1977,148.8
Rl,1978,146.8
Rl,1979,145.8
SC,1970,103.6
SC,1971,115
SC,1972,118.7
SC,1973,125.5
SC,1974,129.7
SC,1975,130.5
SC,1976,136.8
SC,1977,137.2
SC,1978,140.4
SC,1979,135.7
SD,1970,92.7
SD,1971,96.7
SD,1972,103
SD,1973,103.5
SD,1974,108.4
SD,1975,113.5
SD,1976,116.7
SD,1977,115.6
SD,1978,116.9
SD,1979,117.4
TN,1970,99.8
TN,1971,106.3
TN,1972,111.5
TN,1973,109.7
TN,1974,114.8
TN,1975,117.4
TN,1976,121.7
TN,1977,124.6
TN,1978,127.3
TN,1979,127.2
TX,1970,106.4
TX,1971,108.9
TX,1972,108.6
TX,1973,110.4
TX,1974,114.7
TX,1975,116
TX,1976,121.4
TX,1977,124.2
TX,1978,126.6
TX,1979,126.4
UT,1970,65.5
UT,1971,67.7
UT,1972,71.3
UT,1973,72.7
UT,1974,75.6
UT,1975,75.8
UT,1976,77.9
UT,1977,78.9
UT,1978,79.6
UT,1979,79.1
VT,1970,122.6
VT,1971,124.4
VT,1972,138
VT,1973,146.8
VT,1974,151.8
VT,1975,155.5
VT,1976,171.1
VT,1977,169.4
VT,1978,162.4
VT,1979,160.9
VA,1970,124.3
VA,1971,128.4
VA,1972,137
VA,1973,143.1
VA,1974,149.6
VA,1975,152.7
VA,1976,158.1
VA,1977,157.7
VA,1978,155.9
VA,1979,151.8
WA,1970,96.7
WA,1971,97
WA,1972,88.5
WA,1973,91
WA,1974,98.6
WA,1975,99.5
WA,1976,100.3
WA,1977,99.3
WA,1978,101.3
WA,1979,101.4
WV,1970,114.5
WV,1971,111.5
WV,1972,117.5
WV,1973,116.6
WV,1974,119.9
WV,1975,123.2
WV,1976,129.7
WV,1977,133.9
WV,1978,131.6
WV,1979,122.1
Wl,1970,106.4
Wl,1971,105.4
Wl,1972,108.8
Wl,1973,109.5
Wl,1974,111.8
Wl,1975,113.5
Wl,1976,115.4
Wl,1977,117.2
Wl,1978,116.7
Wl,1979,117.1
WY,1970,132.2
WY,1971,131.7
WY,1972,140
WY,1973,141.2
WY,1974,145.8
WY,1975,160.7
WY,1976,161.5
WY,1977,160.4
WY,1978,160.3
WY,1979,168.6
AL,1980,123.2
AL,1981,119.6
AL,1982,119.1
AL,1983,116.3
AL,1984,113
AL,1985,114.5
AL,1986,116.3
AL,1987,114
AL,1988,112.1
AL,1989,105.6
AK,1980,134
AK,1981,144
AK,1982,148.3
AK,1983,146.9
AK,1984,133.6
AK,1985,128.9
AK,1986,126.3
AK,1987,110.4
AK,1988,80
AK,1989,94.4
AZ,1980,126.8
AZ,1981,113.8
AZ,1982,113.5
AZ,1983,111.1
AZ,1984,107.1
AZ,1985,107.1
AZ,1986,107.9
AZ,1987,106.1
AZ,1988,102.2
AZ,1989,96.8
AR,1980,131.8
AR,1981,128.7
AR,1982,127.4
AR,1983,128
AR,1984,123.1
AR,1985,125.8
AR,1986,126
AR,1987,122.3
AR,1988,121.5
AR,1989,118.3
CA,1980,120.2
CA,1981,118.6
CA,1982,115.4
CA,1983,110.8
CA,1984,104.8
CA,1985,102.8
CA,1986,99.7
CA,1987,97.5
CA,1988,90.1
CA,1989,82.4
CO,1980,131
CO,1981,133.8
CO,1982,130.5
CO,1983,125.3
CO,1984,119.7
CO,1985,112.4
CO,1986,109.9
CO,1987,102.4
CO,1988,94.6
CO,1989,88.8
CT,1980,118
CT,1981,116.4
CT,1982,114.7
CT,1983,114.1
CT,1984,112.5
CT,1985,111
CT,1986,108.5
CT,1987,109
CT,1988,104.8
CT,1989,100.6
DE,1980,150.5
DE,1981,152.6
DE,1982,154.1
DE,1983,149.6
DE,1984,144
DE,1985,144.5
DE,1986,142.4
DE,1987,141
DE,1988,137.1
DE,1989,131.7
DC,1980,129.7
DC,1981,131.9
DC,1982,132
DC,1983,124.5
DC,1984,124.6
DC,1985,122.1
DC,1986,117.2
DC,1987,113
DC,1988,105.4
DC,1989,101.1
FL,1980,139
FL,1981,132.8
FL,1982,131.8
FL,1983,127.6
FL,1984,124.7
FL,1985,124.2
FL,1986,124.7
FL,1987,125.1
FL,1988,119.5
FL,1989,113.8
GA,1980,134
GA,1981,131.7
GA,1982,131.2
GA,1983,128.6
GA,1984,126.3
GA,1985,128.8
GA,1986,129
GA,1987,129.3
GA,1988,124.1
GA,1989,117.1
Hl,1980,89.4
Hl,1981,85.6
Hl,1982,77.7
Hl,1983,80
Hl,1984,75.7
Hl,1985,69.8
Hl,1986,61.2
Hl,1987,54.7
Hl,1988,55.6
Hl,1989,57.4
ID,1980,115.2
ID,1981,114.1
ID,1982,111.5
ID,1983,111.3
ID,1984,103.6
ID,1985,100.7
ID,1986,96.7
ID,1987,95
ID,1988,84.5
ID,1989,78.4
IL,1980,135.2
IL,1981,133
IL,1982,130.7
IL,1983,127.9
IL,1984,124
IL,1985,121.6
IL,1986,118.2
IL,1987,109.5
IL,1988,107.6
IL,1989,104.6
IN,1980,146.9
IN,1981,148.5
IN,1982,147.7
IN,1983,143
IN,1984,137.8
IN,1985,135.3
IN,1986,137.6
IN,1987,134
IN,1988,134
IN,1989,132.5
IA,1980,124.6
IA,1981,132.9
IA,1982,116.2
IA,1983,115.6
IA,1984,111.2
IA,1985,109.4
IA,1986,104.1
IA,1987,101.1
IA,1988,100.2
IA,1989,94.4
KS,1980,127.1
KS,1981,132
KS,1982,130.9
KS,1983,127.6
KS,1984,121.7
KS,1985,115.7
KS,1986,109.4
KS,1987,105.2
KS,1988,103.2
KS,1989,96.5
KY,1980,215.3
KY,1981,209.7
KY,1982,210.6
KY,1983,201.1
KY,1984,183.2
KY,1985,182.4
KY,1986,179.8
KY,1987,171.2
KY,1988,173.2
KY,1989,171.6
LA,1980,143.8
LA,1981,144
LA,1982,143.9
LA,1983,133.7
LA,1984,128.9
LA,1985,125
LA,1986,121.2
LA,1987,116.5
LA,1988,110.9
LA,1989,103.6
ME,1980,141.2
ME,1981,138.9
ME,1982,139.5
ME,1983,135.4
ME,1984,135.5
ME,1985,127.9
ME,1986,119
ME,1987,125
ME,1988,125
ME,1989,122.4
MD,1980,131.5
MD,1981,137.1
MD,1982,131.3
MD,1983,128.2
MD,1984,122.5
MD,1985,121.9
MD,1986,121.8
MD,1987,119.3
MD,1988,115
MD,1989,109
MA,1980,120.5
MA,1981,123.2
MA,1982,122.3
MA,1983,119.8
MA,1984,116
MA,1985,117.2
MA,1986,115.8
MA,1987,113.8
MA,1988,111.7
MA,1989,104.4
Ml,1980,140.7
Ml,1981,139.5
Ml,1982,137.3
Ml,1983,128.3
Ml,1984,128.2
Ml,1985,126.6
Ml,1986,126.5
Ml,1987,122.1
Ml,1988,121.1
Ml,1989,116.6
MN,1980,117.7
MN,1981,120.8
MN,1982,119.4
MN,1983,113.2
MN,1984,110.8
MN,1985,113
MN,1986,104.8
MN,1987,108.8
MN,1988,94.1
MN,1989,92.3
MS,1980,127
MS,1981,125.3
MS,1982,125.8
MS,1983,122.3
MS,1984,116.4
MS,1985,115.3
MS,1986,113.2
MS,1987,110
MS,1988,109
MS,1989,108.3
MO,1980,142.1
MO,1981,140.5
MO,1982,139.7
MO,1983,134.1
MO,1984,130
MO,1985,129.2
MO,1986,128.8
MO,1987,128.7
MO,1988,127.4
MO,1989,122.8
MT,1980,122
MT,1981,121.1
MT,1982,122.4
MT,1983,113.7
MT,1984,110.1
MT,1985,103.6
MT,1986,97.8
MT,1987,91.7
MT,1988,87.1
MT,1989,86.2
NE,1980,116.3
NE,1981,117
NE,1982,117.1
NE,1983,110.8
NE,1984,107.7
NE,1985,105.1
NE,1986,103.1
NE,1987,101.3
NE,1988,92.9
NE,1989,93.8
NV,1980,177.7
NV,1981,171.9
NV,1982,165.1
NV,1983,159.2
NV,1984,136.6
NV,1985,146.7
NV,1986,142.6
NV,1987,147.7
NV,1988,141.9
NV,1989,137.9
NH,1980,247.8
NH,1981,245.4
NH,1982,239.8
NH,1983,232.9
NH,1984,215.1
NH,1985,201.1
NH,1986,195.9
NH,1987,195.1
NH,1988,180.4
NH,1989,172.9
NJ,1980,124.3
NJ,1981,127.9
NJ,1982,126.3
NJ,1983,121.3
NJ,1984,117.8
NJ,1985,116.9
NJ,1986,115.5
NJ,1987,111.6
NJ,1988,107.8
NJ,1989,103
NM,1980,102.7
NM,1981,103
NM,1982,97.5
NM,1983,96.3
NM,1984,88.9
NM,1985,88
NM,1986,88.2
NM,1987,82.3
NM,1988,77.7
NM,1989,74.4
NY,1980,127.6
NY,1981,130.1
NY,1982,128.5
NY,1983,124.6
NY,1984,119.3
NY,1985,115.9
NY,1986,114
NY,1987,108.9
NY,1988,106.2
NY,1989,100.1
NC,1980,187.8
NC,1981,179.3
NC,1982,179
NC,1983,169.7
NC,1984,160.6
NC,1985,156.3
NC,1986,154.4
NC,1987,150.5
NC,1988,146
NC,1989,139.3
ND,1980,123.7
ND,1981,125.7
ND,1982,126.8
ND,1983,119.6
ND,1984,109.4
ND,1985,103.2
ND,1986,99.8
ND,1987,92.3
ND,1988,87.1
ND,1989,84.1
OH,1980,133.5
OH,1981,132.8
OH,1982,134
OH,1983,130
OH,1984,127.1
OH,1985,126.7
OH,1986,126.3
OH,1987,124.6
OH,1988,122.4
OH,1989,118.6
OK,1980,141.6
OK,1981,143.7
OK,1982,147
OK,1983,140
OK,1984,128.1
OK,1985,124.2
OK,1986,119.9
OK,1987,113.1
OK,1988,103.6
OK,1989,97.5
OR,1980,146.5
OR,1981,143.1
OR,1982,135.3
OR,1983,124.6
OR,1984,118
OR,1985,118.6
OR,1986,112
OR,1987,108.9
OR,1988,108.2
OR,1989,106.6
PA,1980,124
PA,1981,125.2
PA,1982,123.3
PA,1983,125.3
PA,1984,115.3
PA,1985,115.8
PA,1986,113.9
PA,1987,110.6
PA,1988,107.6
PA,1989,107.1
Rl,1980,149.3
Rl,1981,151.2
Rl,1982,146.3
Rl,1983,135.8
Rl,1984,136.9
Rl,1985,133.4
Rl,1986,136.3
Rl,1987,124.4
Rl,1988,138
Rl,1989,120.8
SC,1980,138.3
SC,1981,136.1
SC,1982,136
SC,1983,131.1
SC,1984,127
SC,1985,125.4
SC,1986,126.6
SC,1987,126.6
SC,1988,124.4
SC,1989,122.4
SD,1980,114.7
SD,1981,115.7
SD,1982,113
SD,1983,109.8
SD,1984,105.7
SD,1985,104.4
SD,1986,97
SD,1987,95.8
SD,1988,91.9
SD,1989,87.4
TN,1980,130.4
TN,1981,129.1
TN,1982,131.4
TN,1983,129
TN,1984,125.1
TN,1985,128.7
TN,1986,107.9
TN,1987,130.6
TN,1988,125.3
TN,1989,124.7
TX,1980,129.7
TX,1981,129
TX,1982,131.2
TX,1983,126.4
TX,1984,117.2
TX,1985,115.9
TX,1986,113.7
TX,1987,105.8
TX,1988,96.5
TX,1989,94.5
UT,1980,74.8
UT,1981,77.6
UT,1982,73.6
UT,1983,69
UT,1984,66.3
UT,1985,66.5
UT,1986,64.4
UT,1987,67.7
UT,1988,55
UT,1989,57
VT,1980,161.6
VT,1981,163.8
VT,1982,162.3
VT,1983,153.8
VT,1984,144.3
VT,1985,144.5
VT,1986,131.2
VT,1987,128.3
VT,1988,128.7
VT,1989,120.9
VA,1980,148.9
VA,1981,149.9
VA,1982,147.4
VA,1983,144.7
VA,1984,136.8
VA,1985,134.6
VA,1986,135.8
VA,1987,133
VA,1988,129.5
VA,1989,122.5
WA,1980,101.4
WA,1981,112.7
WA,1982,106.6
WA,1983,102.4
WA,1984,96.2
WA,1985,96.5
WA,1986,94.2
WA,1987,91.3
WA,1988,88.2
WA,1989,86.1
WV,1980,122.3
WV,1981,120.5
WV,1982,119.8
WV,1983,115.7
WV,1984,111.9
WV,1985,109.1
WV,1986,112.1
WV,1987,107.5
WV,1988,109.1
WV,1989,104
Wl,1980,117.6
Wl,1981,119.9
Wl,1982,115.6
Wl,1983,106.3
Wl,1984,105.6
Wl,1985,107
Wl,1986,105.4
Wl,1987,106
Wl,1988,102.6
Wl,1989,100.3
WY,1980,158.1
WY,1981,163.1
WY,1982,157.7
WY,1983,141.2
WY,1984,128.9
WY,1985,125.7
WY,1986,124.8
WY,1987,110.4
WY,1988,114.3
WY,1989,111.4
AL,1990,108.6
AL,1991,107.9
AL,1992,109.1
AL,1993,108.5
AL,1994,107.1
AL,1995,102.6
AL,1996,101.4
AL,1997,104.9
AL,1998,106.2
AL,1999,100.7
AK,1990,100.2
AK,1991,101.8
AK,1992,98.5
AK,1993,95.2
AK,1994,94.1
AK,1995,89.5
AK,1996,89.9
AK,1997,81.7
AK,1998,78.6
AK,1999,70.5
AZ,1990,88.9
AZ,1991,81.2
AZ,1992,79
AZ,1993,80.3
AZ,1994,79
AZ,1995,77.3
AZ,1996,71.4
AZ,1997,64.6
AZ,1998,66
AZ,1999,61.7
AR,1990,113.1
AR,1991,116.8
AR,1992,126
AR,1993,113.8
AR,1994,108.8
AR,1995,113
AR,1996,110.7
AR,1997,108.7
AR,1998,109.5
AR,1999,104.8
CA,1990,77.8
CA,1991,68.7
CA,1992,67.5
CA,1993,63.4
CA,1994,58.6
CA,1995,56.4
CA,1996,54.5
CA,1997,53.8
CA,1998,52.3
CA,1999,47.2
CO,1990,87.4
CO,1991,90.2
CO,1992,88.3
CO,1993,88.6
CO,1994,89.1
CO,1995,85.4
CO,1996,83.1
CO,1997,81.3
CO,1998,81.2
CO,1999,79.6
CT,1990,91.5
CT,1991,86.7
CT,1992,83.6
CT,1993,79.1
CT,1994,76.6
CT,1995,79.3
CT,1996,76
CT,1997,75.9
CT,1998,75.5
CT,1999,73.4
DE,1990,127.2
DE,1991,118.8
DE,1992,120
DE,1993,123.8
DE,1994,126.1
DE,1995,127.2
DE,1996,128.3
DE,1997,124.1
DE,1998,132.8
DE,1999,139.5
DC,1990,84.1
DC,1991,82.2
DC,1992,82.6
DC,1993,68
DC,1994,54.1
DC,1995,57.9
DC,1996,56
DC,1997,54.3
DC,1998,50.9
DC,1999,50.8
FL,1990,110.1
FL,1991,98.2
FL,1992,95.9
FL,1993,96.8
FL,1994,93.6
FL,1995,95.4
FL,1996,91.8
FL,1997,93
FL,1998,91.7
FL,1999,88.2
GA,1990,113.8
GA,1991,109.6
GA,1992,109.2
GA,1993,109.2
GA,1994,107.8
GA,1995,100.3
GA,1996,102.7
GA,1997,100.6
GA,1998,100.5
GA,1999,97.1
Hl,1990,48.9
Hl,1991,54.7
Hl,1992,51.3
Hl,1993,52.4
Hl,1994,44.2
Hl,1995,45.7
Hl,1996,51.6
Hl,1997,49.1
Hl,1998,35.5
Hl,1999,32.5
ID,1990,90.1
ID,1991,85.4
ID,1992,85.1
ID,1993,86.7
ID,1994,93
ID,1995,78.2
ID,1996,73.6
ID,1997,75
ID,1998,78.9
ID,1999,75.1
IL,1990,94.1
IL,1991,96.1
IL,1992,94.8
IL,1993,94.6
IL,1994,85.7
IL,1995,84.3
IL,1996,81.8
IL,1997,79.6
IL,1998,80.3
IL,1999,72.2
IN,1990,128.3
IN,1991,127.2
IN,1992,128.2
IN,1993,126.8
IN,1994,128.2
IN,1995,135.4
IN,1996,135.1
IN,1997,135.3
IN,1998,135.9
IN,1999,133.3
IA,1990,95.4
IA,1991,97.1
IA,1992,95.2
IA,1993,92.5
IA,1994,93.4
IA,1995,93
IA,1996,94
IA,1997,93.9
IA,1998,94
IA,1999,91.7
KS,1990,94.3
KS,1991,91.8
KS,1992,90
KS,1993,89.9
KS,1994,89.1
KS,1995,90.1
KS,1996,88.7
KS,1997,89.2
KS,1998,87.6
KS,1999,83.3
KY,1990,182.5
KY,1991,170.8
KY,1992,167.6
KY,1993,167.6
KY,1994,170.2
KY,1995,175.3
KY,1996,179
KY,1997,186.8
KY,1998,171.3
KY,1999,165.3
LA,1990,101.5
LA,1991,107.2
LA,1992,108.5
LA,1993,106.2
LA,1994,105.3
LA,1995,105.7
LA,1996,106.8
LA,1997,105.3
LA,1998,103.2
LA,1999,101
ME,1990,117.5
ME,1991,116.1
ME,1992,114.7
ME,1993,108.5
ME,1994,101.6
ME,1995,102.3
ME,1996,100
ME,1997,101.1
ME,1998,94.5
ME,1999,85.5
MD,1990,102.8
MD,1991,97.6
MD,1992,91.7
MD,1993,82.6
MD,1994,80.8
MD,1995,77.1
MD,1996,75
MD,1997,72.7
MD,1998,72
MD,1999,71.4
MA,1990,99.4
MA,1991,93.5
MA,1992,90.5
MA,1993,84.1
MA,1994,77
MA,1995,76.9
MA,1996,74.6
MA,1997,66.7
MA,1998,63.6
MA,1999,60.4
Ml,1990,114.4
Ml,1991,110.3
Ml,1992,107.6
Ml,1993,106.5
Ml,1994,112.9
Ml,1995,82.8
Ml,1996,82.9
Ml,1997,75.6
Ml,1998,73.7
Ml,1999,81.7
MN,1990,90.7
MN,1991,86.2
MN,1992,83.8
MN,1993,81.6
MN,1994,83.4
MN,1995,84.1
MN,1996,81.7
MN,1997,84.1
MN,1998,83.2
MN,1999,80.7
MS,1990,101.8
MS,1991,105.6
MS,1992,103.9
MS,1993,105.4
MS,1994,106
MS,1995,107.5
MS,1996,106.9
MS,1997,106.3
MS,1998,107
MS,1999,103.9
MO,1990,119.1
MO,1991,119.9
MO,1992,122.3
MO,1993,121.6
MO,1994,119.4
MO,1995,124
MO,1996,124.1
MO,1997,120.6
MO,1998,120.1
MO,1999,118
MT,1990,84.7
MT,1991,82.9
MT,1992,86.6
MT,1993,86
MT,1994,88.2
MT,1995,90.5
MT,1996,87.3
MT,1997,88.9
MT,1998,89.1
MT,1999,82.6
NE,1990,89.9
NE,1991,92.4
NE,1992,90.6
NE,1993,91.1
NE,1994,85.9
NE,1995,88.5
NE,1996,86.2
NE,1997,85.5
NE,1998,79.7
NE,1999,86.8
NV,1990,137.3
NV,1991,115.5
NV,1992,110
NV,1993,108.1
NV,1994,105.2
NV,1995,100.9
NV,1996,99
NV,1997,95.6
NV,1998,102.4
NV,1999,103.9
NH,1990,152.4
NH,1991,144.8
NH,1992,143.7
NH,1993,148.9
NH,1994,153.8
NH,1995,158.5
NH,1996,158
NH,1997,174.4
NH,1998,173.8
NH,1999,171.7
NJ,1990,98.6
NJ,1991,86.7
NJ,1992,86.6
NJ,1993,82.9
NJ,1994,81.6
NJ,1995,81
NJ,1996,79.1
NJ,1997,77
NJ,1998,72.6
NJ,1999,63.6
NM,1990,70.8
NM,1991,69.9
NM,1992,71.4
NM,1993,69
NM,1994,68.2
NM,1995,67
NM,1996,65.7
NM,1997,61.8
NM,1998,62.6
NM,1999,59.7
NY,1990,93.7
NY,1991,86.4
NY,1992,82.4
NY,1993,78.2
NY,1994,71.6
NY,1995,70.5
NY,1996,65.9
NY,1997,64.5
NY,1998,64.9
NY,1999,62.9
NC,1990,133.7
NC,1991,132.7
NC,1992,128.8
NC,1993,129.7
NC,1994,112.7
NC,1995,124.9
NC,1996,129.7
NC,1997,125.6
NC,1998,126
NC,1999,113.1
ND,1990,77.1
ND,1991,85.2
ND,1992,74.4
ND,1993,83
ND,1994,81
ND,1995,80.6
ND,1996,80.8
ND,1997,77.5
ND,1998,79.1
ND,1999,74.7
OH,1990,115.5
OH,1991,113.2
OH,1992,112.3
OH,1993,108.9
OH,1994,108.6
OH,1995,111.7
OH,1996,107.6
OH,1997,108.6
OH,1998,106.4
OH,1999,104
OK,1990,88.4
OK,1991,87.8
OK,1992,86.3
OK,1993,86.2
OK,1994,104.8
OK,1995,109.5
OK,1996,110.8
OK,1997,111.8
OK,1998,112.2
OK,1999,111.4
OR,1990,102.5
OR,1991,100.1
OR,1992,101.6
OR,1993,98.7
OR,1994,96.6
OR,1995,94.6
OR,1996,94.3
OR,1997,89.5
OR,1998,84.2
OR,1999,79.9
PA,1990,101.3
PA,1991,102.5
PA,1992,96.2
PA,1993,94.7
PA,1994,95.4
PA,1995,95.4
PA,1996,93.3
PA,1997,92.9
PA,1998,92.1
PA,1999,91.1
Rl,1990,101.4
Rl,1991,103.6
Rl,1992,100.1
Rl,1993,94.1
Rl,1994,91.9
Rl,1995,90.8
Rl,1996,87.5
Rl,1997,90
Rl,1998,88.7
Rl,1999,86.9
SC,1990,118.6
SC,1991,121.5
SC,1992,112.9
SC,1993,115.2
SC,1994,112.2
SC,1995,109.2
SC,1996,102.9
SC,1997,124.5
SC,1998,126.9
SC,1999,109.4
SD,1990,88.3
SD,1991,91.8
SD,1992,93
SD,1993,91.6
SD,1994,94.8
SD,1995,98.6
SD,1996,92.3
SD,1997,88.8
SD,1998,88.3
SD,1999,83.5
TN,1990,121.8
TN,1991,120.6
TN,1992,121
TN,1993,120.8
TN,1994,118.8
TN,1995,125.4
TN,1996,119.2
TN,1997,118.9
TN,1998,119.7
TN,1999,115.8
TX,1990,85.6
TX,1991,79.6
TX,1992,77.2
TX,1993,81.3
TX,1994,78.8
TX,1995,75.2
TX,1996,74.6
TX,1997,72.6
TX,1998,73.2
TX,1999,67.8
UT,1990,53.4
UT,1991,53.5
UT,1992,55
UT,1993,56.2
UT,1994,55.8
UT,1995,52
UT,1996,54
UT,1997,57
UT,1998,42.3
UT,1999,43.9
VT,1990,124.3
VT,1991,120.9
VT,1992,126.5
VT,1993,117.2
VT,1994,120.3
VT,1995,123.2
VT,1996,102.5
VT,1997,97.7
VT,1998,97
VT,1999,94.1
VA,1990,118.9
VA,1991,109.1
VA,1992,108.2
VA,1993,105.4
VA,1994,106.2
VA,1995,106.7
VA,1996,104.6
VA,1997,108
VA,1998,105.6
VA,1999,102.1
WA,1990,83.4
WA,1991,78.7
WA,1992,81.1
WA,1993,79.4
WA,1994,72.6
WA,1995,67.4
WA,1996,58.1
WA,1997,55.6
WA,1998,56.4
WA,1999,55.1
WV,1990,104.1
WV,1991,100.1
WV,1992,98
WV,1993,111
WV,1994,104.2
WV,1995,115.8
WV,1996,112.7
WV,1997,114.5
WV,1998,114.6
WV,1999,112.4
Wl,1990,94.1
Wl,1991,95.5
Wl,1992,96.2
Wl,1993,91.2
Wl,1994,91.8
Wl,1995,93.5
Wl,1996,92.1
Wl,1997,91.9
Wl,1998,88.7
Wl,1999,84.4
WY,1990,96.9
WY,1991,109.1
WY,1992,110.8
WY,1993,108.4
WY,1994,111.2
WY,1995,115
WY,1996,110.3
WY,1997,108.8
WY,1998,102.9
WY,1999,104.8
AL,2000,96.2
AL,2001,90.5
AL,2002,84.8
AL,2003,82.2
AL,2004,87.9
AL,2005,82.4
AL,2006,83.3
AL,2007,80.2
AL,2008,78
AL,2009,75.6
AK,2000,66
AK,2001,65.2
AK,2002,63.7
AK,2003,63.6
AK,2004,63.6
AK,2005,60.2
AK,2006,54.5
AK,2007,52.9
AK,2008,47
AK,2009,45.8
AZ,2000,58.5
AZ,2001,54.1
AZ,2002,52
AZ,2003,48.2
AZ,2004,42.5
AZ,2005,42.3
AZ,2006,42.2
AZ,2007,37.5
AZ,2008,31.8
AZ,2009,28.6
AR,2000,99.4
AR,2001,101.7
AR,2002,87.2
AR,2003,91.6
AR,2004,79.8
AR,2005,82.1
AR,2006,81.4
AR,2007,78.4
AR,2008,77
AR,2009,72.6
CA,2000,41.6
CA,2001,38
CA,2002,35.8
CA,2003,34.7
CA,2004,33.1
CA,2005,33.1
CA,2006,32.9
CA,2007,31.8
CA,2008,30.3
CA,2009,28.8
CO,2000,73
CO,2001,70.4
CO,2002,66.2
CO,2003,63.8
CO,2004,60.7
CO,2005,57.9
CO,2006,53.1
CO,2007,51.1
CO,2008,48.4
CO,2009,46
CT,2000,71.4
CT,2001,68.7
CT,2002,66.4
CT,2003,59.7
CT,2004,53.1
CT,2005,49.9
CT,2006,50.9
CT,2007,50.5
CT,2008,47.4
CT,2009,45.9
DE,2000,140.7
DE,2001,141.4
DE,2002,142.4
DE,2003,184.2
DE,2004,176
DE,2005,178.8
DE,2006,183.6
DE,2007,185.2
DE,2008,133.3
DE,2009,122.8
DC,2000,50.2
DC,2001,43.9
DC,2002,44.4
DC,2003,45.6
DC,2004,38.4
DC,2005,37.3
DC,2006,42.2
DC,2007,38.1
DC,2008,38.1
DC,2009,33.4
FL,2000,82.5
FL,2001,78.6
FL,2002,77.9
FL,2003,76.7
FL,2004,74.2
FL,2005,75.3
FL,2006,71.9
FL,2007,69.9
FL,2008,67.9
FL,2009,70.6
GA,2000,88.1
GA,2001,85.9
GA,2002,79.5
GA,2003,83.1
GA,2004,68.1
GA,2005,70.2
GA,2006,68.2
GA,2007,64.7
GA,2008,61.6
GA,2009,58.8
Hl,2000,31.9
Hl,2001,42.8
Hl,2002,51.1
Hl,2003,51.2
Hl,2004,47.4
Hl,2005,47
Hl,2006,48
Hl,2007,43.7
Hl,2008,44
Hl,2009,41.1
ID,2000,66.9
ID,2001,66.7
ID,2002,63.3
ID,2003,64.7
ID,2004,60.8
ID,2005,58.3
ID,2006,58.8
ID,2007,58.6
ID,2008,55.9
ID,2009,52.4
IL,2000,70
IL,2001,67.1
IL,2002,70.9
IL,2003,51.4
IL,2004,60
IL,2005,52.2
IL,2006,51.5
IL,2007,48.6
IL,2008,47.9
IL,2009,45.2
IN,2000,125.5
IN,2001,121.4
IN,2002,121.4
IN,2003,101.1
IN,2004,97.7
IN,2005,96.1
IN,2006,98.7
IN,2007,102.3
IN,2008,81.7
IN,2009,78.9
IA,2000,88.9
IA,2001,86.5
IA,2002,85.4
IA,2003,85.4
IA,2004,83.7
IA,2005,83.9
IA,2006,85.3
IA,2007,76.3
IA,2008,57.6
IA,2009,53.8
KS,2000,79.8
KS,2001,78.1
KS,2002,77.5
KS,2003,60.7
KS,2004,56.3
KS,2005,54.9
KS,2006,55.4
KS,2007,53.1
KS,2008,51.7
KS,2009,49.1
KY,2000,156.2
KY,2001,152.6
KY,2002,140.8
KY,2003,175.8
KY,2004,174.4
KY,2005,181.8
KY,2006,145.3
KY,2007,141.9
KY,2008,141.9
KY,2009,126.4
LA,2000,104.3
LA,2001,83.1
LA,2002,97
LA,2003,82.9
LA,2004,85.6
LA,2005,91
LA,2006,77.3
LA,2007,86.7
LA,2008,87.9
LA,2009,82.6
ME,2000,82.9
ME,2001,81.2
ME,2002,79.6
ME,2003,74.6
ME,2004,72.4
ME,2005,71.5
ME,2006,64.8
ME,2007,58.5
ME,2008,55.2
ME,2009,52.3
MD,2000,57.7
MD,2001,58.1
MD,2002,56
MD,2003,49.5
MD,2004,48.9
MD,2005,48.7
MD,2006,48.9
MD,2007,48.3
MD,2008,43.3
MD,2009,35.4
MA,2000,58.3
MA,2001,54.8
MA,2002,55.5
MA,2003,47.5
MA,2004,43.6
MA,2005,42.7
MA,2006,44.1
MA,2007,43
MA,2008,43.1
MA,2009,34.6
Ml,2000,83.7
Ml,2001,79.2
Ml,2002,78.1
Ml,2003,72.3
Ml,2004,68.5
Ml,2005,57.9
Ml,2006,56.5
Ml,2007,55
Ml,2008,52.4
Ml,2009,50.6
MN,2000,76
MN,2001,74.2
MN,2002,71
MN,2003,71.7
MN,2004,73
MN,2005,65.7
MN,2006,55.6
MN,2007,53
MN,2008,50.9
MN,2009,48.7
MS,2000,97.2
MS,2001,93.9
MS,2002,91.5
MS,2003,91.2
MS,2004,88.4
MS,2005,88.8
MS,2006,92.2
MS,2007,88.8
MS,2008,93.6
MS,2009,89.5
MO,2000,113.8
MO,2001,107.8
MO,2002,99.2
MO,2003,106.4
MO,2004,105
MO,2005,103.4
MO,2006,105.1
MO,2007,100.6
MO,2008,100.1
MO,2009,97.2
MT,2000,75.5
MT,2001,74.8
MT,2002,74.4
MT,2003,71.7
MT,2004,68
MT,2005,63.5
MT,2006,51.6
MT,2007,52.6
MT,2008,52.6
MT,2009,49.8
NE,2000,77.6
NE,2001,69.8
NE,2002,77.3
NE,2003,68.4
NE,2004,61.8
NE,2005,61
NE,2006,59.5
NE,2007,60.1
NE,2008,63.2
NE,2009,59.8
NV,2000,93.2
NV,2001,90.5
NV,2002,82.2
NV,2003,86.6
NV,2004,69.9
NV,2005,69.7
NV,2006,68.5
NV,2007,65.5
NV,2008,61.9
NV,2009,53.5
NH,2000,147.3
NH,2001,136.1
NH,2002,131.6
NH,2003,146.2
NH,2004,148.4
NH,2005,138.6
NH,2006,135.5
NH,2007,131.6
NH,2008,113.5
NH,2009,116.6
NJ,2000,60.1
NJ,2001,57.7
NJ,2002,58.4
NJ,2003,48.1
NJ,2004,43
NJ,2005,37.5
NJ,2006,37.7
NJ,2007,34.2
NJ,2008,34.2
NJ,2009,32.6
NM,2000,53.8
NM,2001,53.7
NM,2002,52.2
NM,2003,53.5
NM,2004,35.4
NM,2005,35.5
NM,2006,35.4
NM,2007,34.6
NM,2008,34
NM,2009,32.7
NY,2000,57.8
NY,2001,48
NY,2002,46.5
NY,2003,35.3
NY,2004,33.7
NY,2005,32.4
NY,2006,32.4
NY,2007,32.3
NY,2008,31.5
NY,2009,24.8
NC,2000,109
NC,2001,100.1
NC,2002,98.5
NC,2003,97.7
NC,2004,95.6
NC,2005,93.8
NC,2006,89.6
NC,2007,78.3
NC,2008,73.7
NC,2009,69.6
ND,2000,72.5
ND,2001,70.1
ND,2002,68.5
ND,2003,65.7
ND,2004,65.7
ND,2005,66
ND,2006,73.7
ND,2007,75.9
ND,2008,74
ND,2009,72.9
OH,2000,99.9
OH,2001,100
OH,2002,96.8
OH,2003,90.2
OH,2004,85.9
OH,2005,89
OH,2006,70.5
OH,2007,67.8
OH,2008,64.7
OH,2009,61.6
OK,2000,108.9
OK,2001,108.1
OK,2002,102
OK,2003,103
OK,2004,101.6
OK,2005,98.2
OK,2006,87.2
OK,2007,85.8
OK,2008,86.7
OK,2009,79
OR,2000,72
OR,2001,68.6
OR,2002,66.6
OR,2003,60.9
OR,2004,55.2
OR,2005,53.2
OR,2006,54.7
OR,2007,55.5
OR,2008,50.4
OR,2009,48.4
PA,2000,87.9
PA,2001,86.8
PA,2002,86.9
PA,2003,74.7
PA,2004,68.9
PA,2005,62.8
PA,2006,62.4
PA,2007,60.8
PA,2008,61.4
PA,2009,59.2
Rl,2000,83.1
Rl,2001,79.5
Rl,2002,74.7
Rl,2003,67.3
Rl,2004,61.1
Rl,2005,49.4
Rl,2006,47.3
Rl,2007,45.3
Rl,2008,43.6
Rl,2009,44.7
SC,2000,103.9
SC,2001,96.6
SC,2002,97.5
SC,2003,95.7
SC,2004,92.2
SC,2005,94
SC,2006,96.4
SC,2007,91.2
SC,2008,89.1
SC,2009,85
SD,2000,75.1
SD,2001,78.1
SD,2002,75.4
SD,2003,73.2
SD,2004,69.3
SD,2005,68.7
SD,2006,69.2
SD,2007,58.5
SD,2008,49.5
SD,2009,49.7
TN,2000,108.7
TN,2001,103.5
TN,2002,103.4
TN,2003,93.2
TN,2004,96.5
TN,2005,97
TN,2006,98.7
TN,2007,107.4
TN,2008,69.5
TN,2009,77
TX,2000,69.3
TX,2001,62.1
TX,2002,58.3
TX,2003,58.9
TX,2004,55.8
TX,2005,55.4
TX,2006,54.3
TX,2007,49.3
TX,2008,43.9
TX,2009,42.3
UT,2000,40.7
UT,2001,38.7
UT,2002,40.1
UT,2003,36.5
UT,2004,34.2
UT,2005,33.6
UT,2006,34.5
UT,2007,32.9
UT,2008,31.3
UT,2009,27.6
VT,2000,88.9
VT,2001,94.3
VT,2002,93
VT,2003,77.9
VT,2004,69.2
VT,2005,63.9
VT,2006,63.9
VT,2007,54.5
VT,2008,51.6
VT,2009,48.9
VA,2000,96.7
VA,2001,94.1
VA,2002,92.1
VA,2003,95.5
VA,2004,97.4
VA,2005,82.5
VA,2006,78.9
VA,2007,76.1
VA,2008,73.6
VA,2009,73.4
WA,2000,52.8
WA,2001,50.2
WA,2002,45
WA,2003,40.1
WA,2004,37.7
WA,2005,37.2
WA,2006,33.7
WA,2007,32.4
WA,2008,31.9
WA,2009,30.1
WV,2000,107.9
WV,2001,109.4
WV,2002,110.7
WV,2003,122.2
WV,2004,104
WV,2005,102.4
WV,2006,112.2
WV,2007,110.5
WV,2008,112.8
WV,2009,115.8
Wl,2000,80.1
Wl,2001,78.2
Wl,2002,75.3
Wl,2003,71
Wl,2004,69.9
Wl,2005,70.1
Wl,2006,71.3
Wl,2007,69.7
Wl,2008,66.7
Wl,2009,55.3
WY,2000,90.5
WY,2001,92.9
WY,2002,93.2
WY,2003,115.5
WY,2004,47.5
WY,2005,76.4
WY,2006,78.8
WY,2007,83
WY,2008,79
WY,2009,76.7
AL,2010,71.5
AL,2011,68.4
AL,2012,67.2
AL,2013,64.6
AL,2014,61.7
AL,2015,60.7
AL,2016,60.1
AL,2017,58.1
AL,2018,54.7
AK,2010,43.8
AK,2011,43.3
AK,2012,41.2
AK,2013,39
AK,2014,37.2
AK,2015,35.8
AK,2016,35.6
AK,2017,32.9
AK,2018,31.1
AZ,2010,24.8
AZ,2011,27.1
AZ,2012,25
AZ,2013,24.4
AZ,2014,23
AZ,2015,23
AZ,2016,23.1
AZ,2017,22.5
AZ,2018,21.8
AR,2010,63.2
AR,2011,61.1
AR,2012,60.5
AR,2013,57.5
AR,2014,54.4
AR,2015,54
AR,2016,54.2
AR,2017,52.4
AR,2018,50.2
CA,2010,26.3
CA,2011,26
CA,2012,25.2
CA,2013,23.9
CA,2014,22.7
CA,2015,22.3
CA,2016,22
CA,2017,20.5
CA,2018,16.6
CO,2010,41.4
CO,2011,40.6
CO,2012,40.6
CO,2013,38.3
CO,2014,36.7
CO,2015,36.3
CO,2016,35.8
CO,2017,34.5
CO,2018,32.1
CT,2010,40.8
CT,2011,36.3
CT,2012,33.5
CT,2013,31.4
CT,2014,30.1
CT,2015,28.6
CT,2016,28.3
CT,2017,26.5
CT,2018,23.8
DE,2010,95
DE,2011,87.6
DE,2012,84.9
DE,2013,77.1
DE,2014,71.2
DE,2015,70.1
DE,2016,68.1
DE,2017,72.6
DE,2018,64.2
DC,2010,23.1
DC,2011,24.2
DC,2012,20
DC,2013,18.6
DC,2014,16.2
DC,2015,15.8
DC,2016,14.8
DC,2017,13.2
DC,2018,12.9
FL,2010,50
FL,2011,49.7
FL,2012,45.9
FL,2013,44.3
FL,2014,42.4
FL,2015,41.9
FL,2016,41.5
FL,2017,40.6
FL,2018,38.4
GA,2010,55.3
GA,2011,54.3
GA,2012,53.1
GA,2013,49.9
GA,2014,49
GA,2015,47.3
GA,2016,47.3
GA,2017,45.6
GA,2018,45.7
Hl,2010,36.2
Hl,2011,32.9
Hl,2012,29.8
Hl,2013,27
Hl,2014,25.4
Hl,2015,26.8
Hl,2016,25.4
Hl,2017,25.1
Hl,2018,24.2
ID,2010,46.4
ID,2011,45.5
ID,2012,43.5
ID,2013,43.1
ID,2014,40.8
ID,2015,40.8
ID,2016,40.7
ID,2017,39
ID,2018,37.7
IL,2010,44.1
IL,2011,45.3
IL,2012,46.5
IL,2013,31.7
IL,2014,33.6
IL,2015,33.4
IL,2016,31.5
IL,2017,30.7
IL,2018,28.3
IN,2010,71.7
IN,2011,69.6
IN,2012,66
IN,2013,66.9
IN,2014,63.6
IN,2015,62.7
IN,2016,62.4
IN,2017,61.2
IN,2018,58.3
IA,2010,51.3
IA,2011,49.1
IA,2012,48.6
IA,2013,48.5
IA,2014,47.1
IA,2015,46.5
IA,2016,47.7
IA,2017,45
IA,2018,43
KS,2010,45.2
KS,2011,41.2
KS,2012,43
KS,2013,41
KS,2014,39.5
KS,2015,39.3
KS,2016,36.4
KS,2017,34.5
KS,2018,33.3
KY,2010,110.7
KY,2011,103.7
KY,2012,100.1
KY,2013,93.5
KY,2014,89
KY,2015,84.5
KY,2016,87
KY,2017,85.6
KY,2018,81.6
LA,2010,74.3
LA,2011,78.8
LA,2012,72
LA,2013,73.3
LA,2014,65.1
LA,2015,73.8
LA,2016,55.9
LA,2017,57.6
LA,2018,53.6
ME,2010,53
ME,2011,51.1
ME,2012,48.9
ME,2013,48.5
ME,2014,47.4
ME,2015,46.9
ME,2016,48.9
ME,2017,49.6
ME,2018,45.4
MD,2010,35
MD,2011,34.6
MD,2012,34.4
MD,2013,32.6
MD,2014,31.6
MD,2015,30.4
MD,2016,30.4
MD,2017,29.2
MD,2018,27.6
MA,2010,33.7
MA,2011,34.2
MA,2012,33.5
MA,2013,32.2
MA,2014,27.1
MA,2015,25.9
MA,2016,25.6
MA,2017,24.3
MA,2018,23
Ml,2010,48.8
Ml,2011,46.4
Ml,2012,46.7
Ml,2013,45.4
Ml,2014,44.5
Ml,2015,44.5
Ml,2016,44.9
Ml,2017,44.4
Ml,2018,42.5
MN,2010,46.5
MN,2011,51.5
MN,2012,37.9
MN,2013,43.1
MN,2014,31.4
MN,2015,30.2
MN,2016,29.8
MN,2017,28.3
MN,2018,26.2
MS,2010,70.3
MS,2011,67.9
MS,2012,66.5
MS,2013,63.9
MS,2014,61.2
MS,2015,62.6
MS,2016,59.2
MS,2017,59.4
MS,2018,56.3
MO,2010,92.3
MO,2011,91.1
MO,2012,89.4
MO,2013,87.4
MO,2014,82.6
MO,2015,81.8
MO,2016,83.4
MO,2017,79.5
MO,2018,75.3
MT,2010,47.3
MT,2011,45.5
MT,2012,45.5
MT,2013,44.3
MT,2014,43
MT,2015,42.2
MT,2016,42.2
MT,2017,41.1
MT,2018,37.2
NE,2010,55
NE,2011,53.5
NE,2012,52.5
NE,2013,51.2
NE,2014,47.3
NE,2015,46.6
NE,2016,46.3
NE,2017,43.4
NE,2018,43.4
NV,2010,48.1
NV,2011,45.7
NV,2012,43.1
NV,2013,43.2
NV,2014,41.6
NV,2015,46.4
NV,2016,30.9
NV,2017,36.3
NV,2018,31.6
NH,2010,97.1
NH,2011,92.9
NH,2012,93.9
NH,2013,89.6
NH,2014,90.6
NH,2015,89.6
NH,2016,91.5
NH,2017,87.3
NH,2018,83.4
NJ,2010,31.1
NJ,2011,32.5
NJ,2012,31.6
NJ,2013,30.6
NJ,2014,29.3
NJ,2015,28.3
NJ,2016,28.1
NJ,2017,27.3
NJ,2018,25.8
NM,2010,30.3
NM,2011,27.3
NM,2012,26.7
NM,2013,26.4
NM,2014,24.6
NM,2015,25.8
NM,2016,24.6
NM,2017,24
NM,2018,23.6
NY,2010,24.1
NY,2011,18.3
NY,2012,18
NY,2013,16.6
NY,2014,15.4
NY,2015,14.6
NY,2016,14
NY,2017,13.3
NY,2018,12.5
NC,2010,61.5
NC,2011,60.9
NC,2012,60.7
NC,2013,57.5
NC,2014,56.7
NC,2015,54.1
NC,2016,54.4
NC,2017,54.5
NC,2018,53.2
ND,2010,69.3
ND,2011,69
ND,2012,74.5
ND,2013,72.5
ND,2014,75.8
ND,2015,75.8
ND,2016,70.2
ND,2017,65.2
ND,2018,62.8
OH,2010,59.3
OH,2011,56.8
OH,2012,55.7
OH,2013,54.6
OH,2014,53.3
OH,2015,52.4
OH,2016,50.8
OH,2017,50.1
OH,2018,47.6
OK,2010,71.2
OK,2011,71
OK,2012,71.3
OK,2013,67.2
OK,2014,64.3
OK,2015,62.6
OK,2016,61.2
OK,2017,60.5
OK,2018,58.1
OR,2010,44.7
OR,2011,47
OR,2012,44.7
OR,2013,43.3
OR,2014,41.4
OR,2015,40.5
OR,2016,40
OR,2017,38.3
OR,2018,37.2
PA,2010,57
PA,2011,56.4
PA,2012,55
PA,2013,52.8
PA,2014,50.8
PA,2015,48.5
PA,2016,48.2
PA,2017,40.5
PA,2018,37.8
Rl,2010,37.1
Rl,2011,36.3
Rl,2012,35.8
Rl,2013,35.3
Rl,2014,36.7
Rl,2015,36.8
Rl,2016,35.2
Rl,2017,34.2
Rl,2018,31.4
SC,2010,84.5
SC,2011,69.9
SC,2012,61.9
SC,2013,62
SC,2014,58.9
SC,2015,56.1
SC,2016,57.3
SC,2017,55.5
SC,2018,53.1
SD,2010,48.6
SD,2011,43.8
SD,2012,42.8
SD,2013,42.7
SD,2014,42.3
SD,2015,40.7
SD,2016,44.6
SD,2017,41.6
SD,2018,40.2
TN,2010,72.6
TN,2011,71.7
TN,2012,68.3
TN,2013,66.2
TN,2014,62.6
TN,2015,62.2
TN,2016,61.6
TN,2017,59.2
TN,2018,56
TX,2010,38.2
TX,2011,38.7
TX,2012,36.7
TX,2013,36.2
TX,2014,33.7
TX,2015,33.8
TX,2016,32.8
TX,2017,31.9
TX,2018,29.1
UT,2010,26.7
UT,2011,22.3
UT,2012,23
UT,2013,21.4
UT,2014,19.5
UT,2015,20
UT,2016,18.5
UT,2017,18.4
UT,2018,17.1
VT,2010,47.7
VT,2011,48.7
VT,2012,45.7
VT,2013,42.1
VT,2014,40.4
VT,2015,40.4
VT,2016,37.4
VT,2017,36.3
VT,2018,32.8
VA,2010,68.9
VA,2011,67.1
VA,2012,72.4
VA,2013,69.4
VA,2014,67
VA,2015,66.1
VA,2016,63.6
VA,2017,60.8
VA,2018,55.7
WA,2010,25.6
WA,2011,21.7
WA,2012,20.3
WA,2013,19.5
WA,2014,18.6
WA,2015,18.8
WA,2016,18
WA,2017,17
WA,2018,16.1
WV,2010,113
WV,2011,107.9
WV,2012,105
WV,2013,103.1
WV,2014,97.4
WV,2015,97.3
WV,2016,95.5
WV,2017,82.2
WV,2018,75.7
Wl,2010,48.2
Wl,2011,42.5
Wl,2012,41.2
Wl,2013,39.8
Wl,2014,39.9
Wl,2015,39.5
Wl,2016,39.7
Wl,2017,39
Wl,2018,37.2
WY,2010,65.7
WY,2011,70.5
WY,2012,61.5
WY,2013,60.8
WY,2014,56.4
WY,2015,58.6
WY,2016,54.6
WY,2017,52.4
WY,2018,50.4
AL,2019,53.1
AL,2020,50.8
AL,2021,50.2
AL,2022,44.9
AK,2019,30.4
AK,2020,29.5
AK,2021,29.5
AK,2022,26.7
AZ,2019,20.7
AZ,2020,20.9
AZ,2021,20.8
AZ,2022,19.8
AR,2019,47.6
AR,2020,47.5
AR,2021,47.3
AR,2022,43.5
CA,2019,15.8
CA,2020,15.1
CA,2021,15
CA,2022,13.8
CO,2019,30.4
CO,2020,29.2
CO,2021,27.5
CO,2022,24.1
CT,2019,21.9
CT,2020,20.8
CT,2021,20.6
CT,2022,19
DE,2019,56.9
DE,2020,52.2
DE,2021,52.8
DE,2022,50
DC,2019,9.1
DC,2020,7.2
DC,2021,5.2
DC,2022,5.6
FL,2019,36.2
FL,2020,35.2
FL,2021,34.4
FL,2022,32.3
GA,2019,43.3
GA,2020,41.8
GA,2021,42.1
GA,2022,38.3
Hl,2019,22.5
Hl,2020,22.6
Hl,2021,21.1
Hl,2022,18.5
ID,2019,35.8
ID,2020,34.1
ID,2021,33.4
ID,2022,30
IL,2019,29.3
IL,2020,21.4
IL,2021,22.4
IL,2022,20.9
IN,2019,56.5
IN,2020,56.3
IN,2021,54.9
IN,2022,51.6
IA,2019,41.6
IA,2020,41.4
IA,2021,41.1
IA,2022,37.8
KS,2019,31.1
KS,2020,31.3
KS,2021,30
KS,2022,28.8
KY,2019,73.3
KY,2020,73.6
KY,2021,71.9
KY,2022,66.6
LA,2019,50.8
LA,2020,49.5
LA,2021,48.9
LA,2022,45.6
ME,2019,42.6
ME,2020,45.6
ME,2021,43.9
ME,2022,42.2
MD,2019,26.4
MD,2020,25.7
MD,2021,23.5
MD,2022,18.5
MA,2019,21.3
MA,2020,19.8
MA,2021,15.1
MA,2022,14.8
Ml,2019,41.3
Ml,2020,39.9
Ml,2021,39.1
Ml,2022,36.7
MN,2019,24.6
MN,2020,24.5
MN,2021,25.1
MN,2022,20.4
MS,2019,53.8
MS,2020,54.5
MS,2021,53.3
MS,2022,50.7
MO,2019,72.2
MO,2020,72.1
MO,2021,71.1
MO,2022,66.8
MT,2019,36.4
MT,2020,35.4
MT,2021,34.2
MT,2022,31.5
NE,2019,40.6
NE,2020,39.8
NE,2021,39.1
NE,2022,36.4
NV,2019,32
NV,2020,30.1
NV,2021,29.1
NV,2022,27.2
NH,2019,78.4
NH,2020,81.3
NH,2021,93
NH,2022,82.7
NJ,2019,24.1
NJ,2020,23.5
NJ,2021,21.8
NJ,2022,20.9
NM,2019,22.6
NM,2020,20.4
NM,2021,20
NM,2022,18.9
NY,2019,11.7
NY,2020,11.2
NY,2021,10.5
NY,2022,9.8
NC,2019,51.6
NC,2020,49.9
NC,2021,52.4
NC,2022,48.7
ND,2019,59.9
ND,2020,58.6
ND,2021,55.5
ND,2022,51.7
OH,2019,45.7
OH,2020,45.3
OH,2021,44.8
OH,2022,41.6
OK,2019,42.8
OK,2020,46.5
OK,2021,46.3
OK,2022,44.7
OR,2019,35
OR,2020,33.6
OR,2021,29.6
OR,2022,25.6
PA,2019,35.7
PA,2020,34.9
PA,2021,33.7
PA,2022,31.7
Rl,2019,29.1
Rl,2020,29
Rl,2021,31.9
Rl,2022,29.7
SC,2019,52.6
SC,2020,47.6
SC,2021,47.9
SC,2022,44.2
SD,2019,35
SD,2020,36.5
SD,2021,35.9
SD,2022,33.2
TN,2019,55.5
TN,2020,52.1
TN,2021,52.2
TN,2022,48.1
TX,2019,28.8
TX,2020,28.5
TX,2021,26.3
TX,2022,25.8
UT,2019,15.9
UT,2020,16.1
UT,2021,14.9
UT,2022,13.7
VT,2019,31.5
VT,2020,30.5
VT,2021,31.1
VT,2022,29.2
VA,2019,51.6
VA,2020,53.1
VA,2021,45.2
VA,2022,43
WA,2019,15
WA,2020,14.1
WA,2021,13.8
WA,2022,13.1
WV,2019,75
WV,2020,74.1
WV,2021,73.4
WV,2022,71.3
Wl,2019,35.4
Wl,2020,36
Wl,2021,34.6
Wl,2022,32.7
WY,2019,49.4
WY,2020,46.4
WY,2021,47.7
WY,2022,43.3
